NAME,PINYIN,HEX,R,G,B,CN
暗玉紫,ANYUZI,#5C2223,92,34,35,1
牡丹粉红,MUDANFENHONG,#EEA2A4,238,162,164,1
栗紫,LIZI,#5A191B,90,25,27,1
香叶红,XIANGYEHONG,#F07C82,240,124,130,1
葡萄酱紫,PUTAOJIANGZI,#5A1216,90,18,22,1
艳红,YANHONG,#ED5A65,237,90,101,1
玉红,YUHONG,#C04851,192,72,81,1
茶花红,CHAHUAHONG,#EE3F4D,238,63,77,1
高粱红,GAOLIANGHONG,#C02C38,192,44,56,1
满江红,MANJIANGHONG,#A7535A,167,83,90,1
鼠鼻红,SHUBIHONG,#E3B4B8,227,180,184,1
合欢红,HEHUANHONG,#F0A1A8,240,161,168,1
春梅红,CHUNMEIHONG,#F1939C,241,147,156,1
苋菜红,XIANCAIHONG,#A61B29,166,27,41,1
烟红,YANHONG,#894E54,137,78,84,1
莓红,MEIHONG,#C45A65,196,90,101,1
鹅冠红,EGUANHONG,#D11A2D,209,26,45,1
枫叶红,FENGYEHONG,#C21F30,194,31,48,1
唐菖蒲红,TANGCHANGPUHONG,#DE1C31,222,28,49,1
枣红,ZAOHONG,#7C1823,124,24,35,1
猪肝紫,ZHUGANZI,#541E24,84,30,36,1
葡萄紫,PUTAOZI,#4C1F24,76,31,36,1
暗紫苑红,ANZIYUANHONG,#82202B,130,32,43,1
殷红,YANHONG,#82111F,130,17,31,1
草茉莉红,CAOMOLIHONG,#EF475D,239,71,93,1
酱紫,JIANGZI,#4D1018,77,16,24,1
山茶红,SHANCHAHONG,#ED556A,237,85,106,1
锌灰,XINHUI,#7A7374,122,115,116,1
海棠红,HAITANGHONG,#F03752,240,55,82,1
蓟粉红,JIFENHONG,#E6D2D5,230,210,213,1
石蕊红,SHIRUIHONG,#F0C9CF,240,201,207,1
淡曙红,DANSHUHONG,#EE2746,238,39,70,1
李紫,LIZI,#2B1216,43,18,22,1
石竹红,SHIZHUHONG,#EE4863,238,72,99,1
淡茜红,DANQIANHONG,#E77C8E,231,124,142,1
金鱼紫,JINYUZI,#500A16,80,10,22,1
山黎豆红,SHANLIDOUHONG,#C27C88,194,124,136,1
鼠背灰,SHUBEIHUI,#73575C,115,87,92,1
淡蕊香红,DANRUIXIANGHONG,#EE4866,238,72,102,1
甘蔗紫,GANZHEZI,#621624,98,22,36,1
月季红,YUEJIHONG,#CE5777,206,87,109,1
尖晶玉红,JIANJINGYUHONG,#CC163A,204,22,58,1
水红,SHUIHONG,#F1C4CD,241,196,205,1
姜红,JIANGHONG,#EEB8C3,238,184,195,1
芦灰,LUHUI,#856D72,133,109,114,1
茄皮紫,JIAPIZI,#2D0C13,45,12,19,1
吊钟花红,DIAOZHONGHUAHONG,#2D0C13,45,12,19,1
苍蝇灰,CANGYINGHUI,#36282B,54,40,43,1
锦葵红,JINKUIHONG,#BF3553,191,53,83,1
粉团花红,FENTUANHUAHONG,#EC9BAD,236,155,173,1
石竹紫,SHIZHUZI,#63071C,99,7,28,1
卵石紫,LUANSHIZI,#30161C,48,22,28,1
晶红,JINGHONG,#EEA6B7,238,166,183,1
芍药耕红,SHAOYAOGENGHONG,#EBA0B3,235,160,179,1
暮云灰,MUYUNHUI,#4F383E,79,56,62,1
豇豆红,JIANGDOUHONG,#ED9DB2,237,157,178,1
报春红,BAOCHUNHONG,#EC8AA4,236,138,164,1
淡绛红,DANJIANGHONG,#EC7696,236,118,150,1
凤仙花红,FENGXIANHUAHONG,#EA7293,234,114,147,1
霞光红,XIAGUANGHONG,#EF82A0,239,130,160,1
喜蛋红,XIDANHONG,#EC2C64,236,44,100,1
夹竹桃红,JIAZHUTAOHONG,#EB507E,235,80,126,1
松叶牡丹红,SONGYEMUDANHONG,#EB3C70,235,60,112,1
莲瓣红,LIANBANHONG,#EA517F,234,81,127,1
白芨红,BAIJIHONG,#DE7897,222,120,151,1
隐红灰,YINHONGHUI,#B598A1,181,152,161,1
榲桲舡,WENPOCHUAN,#ED2F6A,237,47,106,1
酢酱草红,CUJIANGCAOHONG,#C5708B,197,112,139,1
火鹅紫,HUOEZI,#33141E,51,20,30,1
鹞冠紫,YAOGUANZI,#621D34,98,29,52,1
品红,PINHONG,#EF3473,239,52,115,1
磨石紫,MOSHIZI,#382129,56,33,41,1
墨紫,MOZI,#310F1B,49,15,27,1
檀紫,TANZI,#381924,56,25,36,1
初荷红,CHUHEHONG,#E16C96,225,108,150,1
菜头紫,CAITOUZI,#951C48,149,28,72,1
葡萄酒红,PUTAOJIUHONG,#62102E,98,16,46,1
淡青紫,DANQINGZI,#E0C8D1,224,200,209,1
菠根红,BOGENHONG,#D13C74,209,60,116,1
海象紫,HAIXIANGZI,#4B1E2F,75,30,47,1
兔眼红,TUYANHONG,#EC4E8A,236,78,138,1
嫩菱红,NENLINGHONG,#DE3F7C,222,63,124,1
洋葱紫,YANGCONGZI,#A8456B,168,69,107,1
绀紫,GANZI,#461629,70,22,41,1
紫荆红,ZIJINGHONG,#EE2C79,238,44,121,1
扁豆花红,BIANDOUHUAHONG,#EF498B,239,73,139,1
马鞭草紫,MABIANCAOZI,#EDE3E7,237,227,231,1
藏花红,CANGHUAHONG,#EC2D7A,236,45,122,1
斑鸠灰,BANJIUHUI,#482936,72,41,54,1
古铜紫,GUTONGZI,#440E25,68,14,37,1
丹紫红,DANZIHONG,#D2568C,210,86,140,1
丁香淡紫,DINGXIANGDANZI,#E9D7DF,233,215,223,1
玫瑰红,MEIGUIHONG,#D2357D,210,53,125,1
古鼎灰,GUDINGHUI,#36292F,54,41,47,1
菱锰红,LINGMENGHONG,#D276A3,210,118,163,1
樱草紫,YINGCAOZI,#C06F98,192,111,152,1
龙须红,LONGXUHONG,#CC5595,204,85,149,1
电气石红,DIANQISHIHONG,#C35691,195,86,145,1
玫瑰紫,MEIGUIZI,#BA2F7B,186,47,123,1
苋菜紫,XIANCAIZI,#9B1E64,155,30,100,1
紫灰,ZIHUI,#5D3F51,93,63,81,1
龙睛鱼紫,LONGJINGYUZI,#4E2A40,78,42,64,1
青蛤壳紫,QINGHAKEZI,#BC84A8,188,132,168,1
萝兰紫,LUOLANZI,#C08EAF,192,142,175,1
荸荠紫,BIQIZI,#411C35,65,28,53,1
豆蔻紫,DOUKOUZI,#AD6598,173,101,152,1
扁豆紫,BIANDOUZI,#A35C8F,163,92,143,1
牵牛紫,QIANNIUZI,#681752,104,23,82,1
芓紫,ZIZI,#894276,137,66,118,1
葛巾紫,GEJINZI,#7E2065,126,32,101,1
青莲,QINGLIAN,#8B2671,139,38,113,1
芥花紫,JIEHUAZI,#983680,152,54,128,1
凤信紫,FENGXINZI,#C8ADC4,200,173,196,1
深牵牛紫,SHENQIANNIUZI,#1C0D1A,28,13,26,1
魏紫,WEIZI,#7E1671,126,22,113,1
芝兰紫,ZHILANZI,#7E1671,126,22,113,1
鸟梅紫,NIAOMEIZI,#1E131D,30,19,29,1
桔梗紫,JIEGENGZI,#813C85,129,60,133,1
淡牵牛紫,DANQIANNIUZI,#D1C2D3,209,194,211,1
剑锋紫,JIANFENGZI,#3E3841,62,56,65,1
蕈紫,XUNZI,#815C94,129,92,148,1
槿紫,JINZI,#806D9E,128,109,158,1
芡食白,QIANSHIBAI,#E2E1E4,226,225,228,1
龙葵紫,LONGKUIZI,#322F3B,50,47,59,1
藤萝紫,TENGLUOZI,#8076A3,128,118,163,1
沙鱼灰,SHAYUHUI,#35333C,53,51,60,1
暗龙胆紫,ANLONGDANZI,#22202E,34,32,46,1
暗蓝紫,ANLANZI,#131124,19,17,36,1
野葡萄紫,YEPUTAOZI,#302F4B,48,47,75,1
野菊紫,YEJUZI,#525288,82,82,136,1
水牛灰,SHUINIUHUI,#2F2F35,47,47,53,1
远山紫,YUANSHANZI,#CCCCD6,204,204,214,1
螺甸紫,LUODIANZI,#74759B,116,117,155,1
晶石紫,JINGSHIZI,#1F2040,31,32,64,1
满天星紫,MANTIANXINGZI,#2E317C,46,49,124,1
淡蓝紫,DANLANZI,#A7A8BD,167,168,189,1
山梗紫,SHANGENGZI,#61649F,97,100,159,1
牛角灰,NIUJIAOHUI,#2D2E36,45,46,54,1
鱼尾灰,YUWEIHUI,#5E616D,94,97,109,1
瓦罐灰,WAGUANHUI,#47484C,71,72,76,1
钢蓝,GANGLAN,#0F1423,15,20,35,1
燕颔蓝,YANHANLAN,#131824,19,24,36,1
鲸鱼灰,JINGYUHUI,#475164,71,81,100,1
青灰,QINGHUI,#2B333E,43,51,62,1
鸽蓝,GELAN,#1C2938,28,41,56,1
暗蓝,ANLAN,#101F30,16,31,48,1
钢青,GANGQING,#142334,20,35,52,1
海涛蓝,HAITAOLAN,#15559A,21,85,154,1
飞燕草蓝,FEIYANCAOLAN,#0F59A4,15,89,164,1
靛青,DIANQING,#1661AB,22,97,171,1
安安蓝,ANANLAN,#3170A7,49,112,167,1
海军蓝,HAIJUNLAN,#346C9C,52,108,156,1
景泰蓝,JINGTAILAN,#2775B6,39,117,182,1
品蓝,PINLAN,#2B73AF,43,115,175,1
尼罗蓝,NILUOLAN,#2474B5,36,116,181,1
蝶翅蓝,DIECHILAN,#4E7CA1,78,124,161,1
花青,HUAQING,#2376B7,35,118,183,1
鷃蓝,YANLAN,#144A74,20,74,116,1
星蓝,XINGLAN,#93B5CF,147,181,207,1
虹蓝,HONGLAN,#2177B8,33,119,184,1
柏林蓝,BOLINLAN,#126BAE,18,107,174,1
群青,QUNQING,#1772B4,23,114,180,1
云水蓝,YUNSHUILAN,#BACCD9,186,204,217,1
羽扇豆蓝,YUSHANDOULAN,#619AC3,97,154,195,1
战舰灰,ZHANJIANHUI,#495C69,73,92,105,1
晴山蓝,QINGSHANLAN,#8FB2C9,143,178,201,1
睛蓝,JINGLAN,#5698C3,86,152,195,1
搪磁蓝,TANGCILAN,#11659A,17,101,154,1
潮蓝,CHAOLAN,#2983BB,41,131,187,1
天蓝,TIANLAN,#1677B3,22,119,179,1
大理石灰,DALISHIHUI,#C4CBCF,196,203,207,1
牵牛花蓝,QIANNIUHUALAN,#1177B0,17,119,176,1
宝石蓝,BAOSHILAN,#2486B9,36,134,185,1
淡蓝灰,DANLANHUI,#5E7987,94,121,135,1
嫩灰,NENHUI,#74787A,116,120,122,1
银鱼白,YINYUBAI,#CDD1D3,205,209,211,1
釉蓝,YOULAN,#1781B5,23,129,181,1
涧石蓝,JIANSHILAN,#66A9C9,102,169,201,1
远天蓝,YUANTIANLAN,#D0DFE6,208,223,230,1
云山蓝,YUNSHANLAN,#2F90B9,47,144,185,1
秋波蓝,QIUBOLAN,#8ABCD1,138,188,209,1
井天蓝,JINGTIANLAN,#C3D7DF,195,215,223,1
鸢尾蓝,YUANWEILAN,#158BB8,21,139,184,1
云峰白,YUNFENGBAI,#D8E3E7,216,227,231,1
星灰,XINGHUI,#B2BBBE,178,187,190,1
钴蓝,GULAN,#1A94BC,26,148,188,1
碧青,BIQING,#5CB3CC,92,179,204,1
苍蓝,CANGLAN,#134857,19,72,87,1
深灰蓝,SHENHUILAN,#132C33,19,44,51,1
灰蓝,HUILAN,#21373D,33,55,61,1
湖水蓝,HUSHUILAN,#B0D5DF,176,213,223,1
海青,HAIQING,#22A2C3,34,162,195,1
黄昏灰,HUANGHUNHUI,#474B4C,71,75,76,1
霁青,JIQING,#63BBD0,99,187,208,1
玉鈫蓝,YUQINLAN,#126E82,18,110,130,1
胆矾蓝,DANFANLAN,#0F95B0,15,149,176,1
樫鸟蓝,JIANNIAOLAN,#1491A8,20,145,168,1
鸥蓝,OULAN,#C7D2D4,199,210,212,1
翠蓝,CUILAN,#1E9EB3,30,158,179,1
蜻蜓蓝,QINGTINGLAN,#3B818C,59,129,140,1
孔雀蓝,KONGQUELAN,#0EB0C9,14,176,201,1
蔚蓝,WEILAN,#29B7CB,41,183,203,1
瀑布蓝,PUBULAN,#51C4D3,81,196,211,1
闪蓝,SHANLAN,#7CABB1,124,171,177,1
甸子蓝,DIANZILAN,#10AEC2,16,174,194,1
晚波蓝,WANBOLAN,#648E93,100,142,147,1
清水蓝,QINGSHUILAN,#93D5DC,147,213,220,1
夏云灰,XIAYUNHUI,#617172,97,113,114,1
海天蓝,HAITIANLAN,#C6E6E8,198,230,232,1
虾壳青,XIAKEQING,#869D9D,134,157,157,1
石绿,SHILV,#57C3C2,87,195,194,1
穹灰,QIONGHUI,#C4D7D6,196,215,214,1
美蝶绿,MEIDIELV,#12AA9C,18,170,156,1
垩灰,EHUI,#737C7B,115,124,123,1
蓝绿,LANLV,#12A182,18,161,130,1
竹绿,ZHULV,#1BA784,27,167,132,1
亚丁绿,YADINGLV,#428675,66,134,117,1
月影白,YUEYINGBAI,#C0C4C3,192,196,195,1
海王绿,HAIWANGLV,#248067,36,128,103,1
深海绿,SHENHAILV,#1A3B32,26,59,50,1
绿灰,LVHUI,#314A43,49,74,67,1
青矾绿,QINGFANLV,#2C9678,44,150,120,1
苍绿,CANGLV,#223E36,34,62,54,1
飞泉绿,FEIQUANLV,#497568,73,117,104,1
莽丛绿,MANGCONGLV,#141E1B,20,30,27,1
梧枝绿,WUZHILV,#69A794,105,167,148,1
铜绿,TONGLV,#2BAE85,43,174,133,1
草原远绿,CAOYUANYUANLV,#9ABEAF,154,190,175,1
蛙绿,WALV,#45B787,69,183,135,1
浪花绿,LANGHUALV,#92B3A5,146,179,165,1
苷蓝绿,GANLANLV,#1F2623,31,38,35,1
粉绿,FENLV,#83CBAC,131,203,172,1
淡绿灰,DANLVHUI,#70887D,112,136,125,1
麦苗绿,MAIMIAOLV,#55BB8A,85,187,138,1
翠绿,CUILV,#20A162,32,161,98,1
葱绿,CONGLV,#40A070,64,160,112,1
荷叶绿,HEYELV,#1A6840,26,104,64,1
淡绿,DANLV,#61AC85,97,172,133,1
田园绿,TIANYUANLV,#68B88E,104,184,142,1
玉簪绿,YUZANLV,#A4CAB6,164,202,182,1
蟾绿,CHANLV,#3C9566,60,149,102,1
蔻梢绿,KOUSHAOLV,#5DBE8A,93,190,138,1
薄荷绿,BOHELV,#207F4C,32,127,76,1
月白,YUEBAI,#EEF7F2,238,247,242,1
蛋白石绿,DANBAISHILV,#579572,87,149,114,1
竹篁绿,ZHUHUANGLV,#B9DEC9,185,222,201,1
孔雀绿,KONGQUELV,#229453,34,148,83,1
宫殿绿,GONGDIANLV,#20894D,32,137,77,1
云杉绿,YUNSHANLV,#15231B,21,35,27,1
毛绿,MAOLV,#66C18C,102,193,140,1
冰山蓝,BINGSHANLAN,#A4ACA7,164,172,167,1
明灰,MINGHUI,#8A988E,138,152,142,1
明绿,MINGLV,#9ECCAB,158,204,171,1
松霜绿,SONGSHUANGLV,#83A78D,131,167,141,1
白屈菜绿,BAIQUCAILV,#485B4D,72,91,77,1
狼烟灰,LANGYANHUI,#5D655F,93,101,95,1
瓦松绿,WASONGLV,#6E8B74,110,139,116,1
槲寄生绿,HUJISHENGLV,#2B312C,43,49,44,1
淡翠绿,DANCUILV,#C6DFC8,198,223,200,1
玉髓绿,YUSUILV,#41B349,65,179,73,1
鲜绿,XIANLV,#43B244,67,178,68,1
油绿,YOULV,#253D24,37,61,36,1
宝石绿,BAOSHILV,#41AE3C,65,174,60,1
嘉陵水绿,JIALINGSHUILV,#ADD5A2,173,213,162,1
田螺绿,TIANLUOLV,#5E665B,94,102,91,1
水绿,SHUILV,#8CC269,140,194,105,1
鹦鹉绿,YINGWULV,#5BAE23,91,174,35,1
艾背绿,AIBEILV,#DFECD5,223,236,213,1
艾绿,AILV,#CAD3C3,202,211,195,1
镍灰,NIEHUI,#9FA39A,159,163,154,1
橄榄石绿,GANLANSHILV,#B2CF87,178,207,135,1
芽绿,YALV,#96C24E,150,194,78,1
嫩菊绿,NENJULV,#F0F5E5,240,245,229,1
芦苇绿,LUWEILV,#B7D07A,183,208,122,1
姚黄,YAOHUANG,#D0DEAA,208,222,170,1
蒽油绿,ENYOULV,#373834,55,56,52,1
苹果绿,PINGGUOLV,#BACF65,186,207,101,1
海沬绿,HAIMEILV,#E2E7BF,226,231,191,1
橄榄黄绿,GANLANHUANGLV,#BEC936,190,201,54,1
槐花黄绿,HUAIHUAHUANGLV,#D2D97A,210,217,122,1
蝶黄,DIEHUANG,#E2D849,226,216,73,1
象牙白,XIANGYABAI,#FFFEF8,255,254,248,1
橄榄绿,GANLANLV,#5E5314,94,83,20,1
雪白,XUEBAI,#FFFEF9,255,254,249,1
淡灰绿,DANHUILV,#AD9E5F,173,158,85,1
佛手黄,FOSHOUHUANG,#FED71A,254,215,26,1
乳白,RUBAI,#F9F4DC,249,244,220,1
香蕉黄,XIANGJIAOHUANG,#E4BF11,228,191,17,1
新禾绿,XINHELV,#D2B116,210,177,22,1
油菜花黄,YOUCAIHUAHUANG,#FBDA41,251,218,65,1
秋葵黄,QIUKUIHUANG,#EED045,238,208,69,1
柚黄,YOUHUANG,#F1CA17,241,202,23,1
草黄,CAOHUANG,#D2B42C,210,180,44,1
硫华黄,LIUHUAHUANG,#F2CE2B,242,206,43,1
姜黄,JIANGHUANG,#E2C027,226,192,39,1
潭水绿,TANSHUILV,#645822,100,88,34,1
金瓜黄,JINGUAHUANG,#FCD217,252,210,23,1
麦秆黄,MAIGANHUANG,#F8DF70,248,223,112,1
蒿黄,HAOHUANG,#DFC243,223,194,67,1
茉莉黄,MOLIHUANG,#F8DF72,248,223,114,1
藤黄,TENGHUANG,#FFD111,254,209,16,1
芒果黄,MANGGUOHUANG,#DDC871,221,200,113,1
海参灰,HAISHENHUI,#FFFEFA,255,254,250,1
碧螺春绿,BILUOCHUNLV,#867018,134,112,24,1
苔绿,TAILV,#887322,136,115,34,1
柠檬黄,NINGMENGHUANG,#FCD337,252,211,55,1
草灰绿,CAOHUILV,#8E804B,142,128,75,1
向日葵黄,XIANGRIKUIHUANG,#FECC11,254,204,17,1
素馨黄,SUXINHUANG,#FCCB16,252,203,22,1
乳鸭黄,RUYAHUANG,#FFC90C,255,201,12,1
月灰,YUEHUI,#B7AE8F,183,174,143,1
葵扇黄,KUISHANHUANG,#F8D86A,248,216,106,1
大豆黄,DADOUHUANG,#FBCD31,251,205,49,1
金盏黄,JINZHANHUANG,#FCC307,252,195,7,1
菊蕾白,JULEIBAI,#E9DDB6,233,221,182,1
黄连黄,HUANGLIANHUANG,#FCC515,252,197,21,1
杏仁黄,XINGRENHUANG,#F7E8AA,249,236,195,1
谷黄,GUHUANG,#E8B004,232,176,4,1
木瓜黄,MUGUAHUANG,#F9C116,249,193,22,1
淡茧黄,DANJIANHUANG,#F9D770,249,215,112,1
雅梨黄,YALIHUANG,#FBC82F,251,200,47,1
银白,YINBAI,#F1F0ED,241,240,237,1
棕榈绿,ZONGLVLV,#5B4913,91,73,19,1
鹦鹉冠黄,YINGWUGUANHUANG,#F6C430,246,196,48,1
枯绿,KULV,#B78D12,183,141,18,1
浅烙黄,QIANLAOHUANG,#F9BD10,249,189,16,1
淡密黄,DANMIHUANG,#F9D367,249,211,103,1
芥黄,JIEHUANG,#D9A40E,217,164,14,1
栀子黄,ZHIZIHUANG,#EBB10D,235,177,13,1
暗海水绿,ANHAISHUILV,#584717,88,71,23,1
篾黄,MIEHUANG,#F7DE98,247,222,152,1
蚌肉白,BANGROUBAI,#F9F1DB,249,241,219,1
炒米黄,CHAOMIHUANG,#F4CE69,244,206,105,1
琥珀黄,HUPOHUANG,#FEBA07,254,186,7,1
灰绿,HUILV,#8A6913,138,105,19,1
粽叶绿,ZONGYELV,#876818,135,104,24,1
尘灰,CHENHUI,#B6A476,182,164,118,1
鼬黄,YOUHUANG,#FCB70A,252,183,10,1
象牙黄,XIANGYAHUANG,#F0D695,240,214,149,1
鲛青,JIAOQING,#87723E,135,114,62,1
豆汁黄,DOUZHIHUANG,#F8E8C1,248,232,193,1
土黄,TUHUANG,#D6A01D,214,160,29,1
香水玫瑰黄,XIANGSHUIMEIGUIHUANG,#F7DA94,247,218,148,1
虎皮黄,HUPIHUANG,#EAAD1A,234,173,26,1
鸡蛋黄,JIDANHUANG,#FBB612,251,182,18,1
银鼠灰,YINSHUHUI,#B5AA90,181,170,144,1
鱼肚白,YUDUBAI,#F7F4ED,247,244,237,1
初熟杏黄,CHUSHUXINGHUANG,#F8BC31,248,188,49,1
山鸡黄,SHANJIHUANG,#B78B26,183,139,38,1
莲子白,LIANZIBAI,#E5D3AA,229,211,170,1
蟹壳灰,XIEKEHUI,#695E45,105,94,69,1
沙石黄,SHASHIHUANG,#E5B751,229,183,81,1
甘草黄,GANCAOHUANG,#F3BF4C,243,191,76,1
燕羽灰,YANYUHUI,#685E48,104,94,72,1
鹅掌黄,EZHANGHUANG,#FBB929,251,185,41,1
麦芽糖黄,MAIYATANGHUANG,#F9D27D,249,210,125,1
浅驼色,QIANTUOSE,#E2C17C,226,193,124,1
百灵鸟灰,BAILINGNIAOHUI,#B4A992,180,169,146,1
酪黄,LAOHUANG,#F6DEAD,246,222,173,1
荔肉白,LIROUBAI,#F2E6CE,242,230,206,1
淡肉色,DANROUSE,#F8E0B0,248,224,176,1
河豚灰,HETUNHUI,#393733,57,55,51,1
蜴蜊绿,YILILV,#835E1D,131,94,29,1
汉白玉,HANBAIYU,#F8F4ED,248,244,237,1
橙皮黄,CHENGPIHUANG,#FCA104,252,161,4,1
莱阳梨黄,LAIYANGLIHUANG,#815F25,129,95,37,1
枇杷黄,PIPAHUANG,#FCA106,252,161,6,1
金叶黄,JINYEHUANG,#FFA60F,255,166,15,1
苍黄,CANGHUANG,#806332,128,99,50,1
粉白,FENBAI,#FBF2E3,251,242,227,1
淡橘橙,DANJUCHENG,#FBA414,251,164,20,1
珍珠灰,ZHENZHUHUI,#E4DFD7,228,223,215,1
龟背黄,GUIBEIHUANG,#826B48,130,107,72,1
浅灰,QIANHUI,#DAD4CB,218,212,203,1
铅灰,QIANHUI,#BBB5AC,187,181,172,1
中灰,ZHONGHUI,#BBB5AC,187,181,172,1
雄黄,XIONGHUANG,#FF9900,255,153,0,1
蜜黄,MIHUANG,#FBB957,251,185,87,1
风帆黄,FENGFANHUANG,#DC9123,220,145,35,1
桂皮淡棕,GUIPIDANZONG,#C09351,192,147,81,1
金莺黄,JINYINGHUANG,#F4A83A,244,168,58,1
肉色,ROUSE,#F7C173,247,193,115,1
凋叶棕,DIAOYEZONG,#E7A23F,231,162,63,1
古铜绿,GUTONGLV,#533C1B,83,60,27,1
落英淡粉,LUOYINGDANFEN,#F9E8D0,249,232,208,1
软木黄,RUANMUHUANG,#DE9E44,222,158,68,1
瓜瓤粉,GUARANGFEN,#F9CB8B,249,203,139,1
榴萼黄,LIUEHUANG,#F9A633,249,166,51,1
玳瑁黄,DAIMAOHUANG,#DAA45A,218,164,90,1
焦茶绿,JIAOCHALV,#553B18,85,59,24,1
蟹壳绿,XIEKELV,#513C20,81,60,32,1
山鸡褐,SHANJIHE,#986524,152,101,36,1
猴毛灰,HOUMAOHUI,#97846C,151,132,108,1
鹿角棕,LUJIAOZONG,#E3BD8D,227,189,141,1
淡松烟,DANSONGYAN,#4D4030,77,64,48,1
万寿菊黄,WANSHOUJUHUANG,#FB8B05,251,139,5,1
蛋壳黄,DANKEHUANG,#F8C387,248,195,135,1
杏黄,XINGHUANG,#F28E16,250,142,22,1
橄榄灰,GANLANHUI,#503E2A,80,62,42,1
鹤灰,HEHUI,#4A4035,74,64,53,1
玛瑙灰,MANAOHUI,#CFCCC9,207,204,201,1
淡银灰,DANYINHUI,#C1B2A3,193,178,163,1
瓦灰,WAHUI,#867E76,134,126,118,1
夜灰,YEHUI,#847C74,132,124,116,1
北瓜黄,BEIGUAHUANG,#FC8C23,252,140,35,1
荷花白,HEHUABAI,#FBECDE,251,236,222,1
松鼠灰,SONGSHUHUI,#4F4032,79,64,50,1
淡米粉,DANMIFEN,#FBEEE2,251,238,226,1
深灰,SHENHUI,#81776E,129,119,110,1
海鸥灰,HAIOUHUI,#9A8878,154,136,120,1
茶褐,CHAHE,#5D3D21,93,61,33,1
驼色,TUOSE,#66462A,102,70,42,1
银灰,YINHUI,#918072,145,128,114,1
鹿皮褐,LUPIHE,#D99156,217,145,86,1
槟榔综,BINGLANGZONG,#C1651A,193,101,26,1
晓灰,XIAOHUI,#D4C4B7,212,196,183,1
淡赭,DANZHE,#BE7E4A,190,126,74,1
古铜褐,GUTONGHE,#5C3719,92,55,25,1
麂棕,JIZONG,#DE7622,222,118,34,1
醉瓜肉,ZUIGUAROU,#DB8540,219,133,64,1
雁灰,YANHUI,#80766E,128,118,110,1
鲑鱼红,GUIYUHONG,#F09C5A,240,156,90,1
橘橙,JUCHENG,#F97D1C,249,125,28,1
金黄,JINHUANG,#F26B1F,242,123,31,1
玫瑰粉,MEIGUIFEN,#F8B37F,248,179,127,1
美人焦橙,MEIRENJIAOCHENG,#FA7E23,250,126,35,1
米色,MISE,#F9E9CD,249,223,205,1
蛛网灰,ZHUWANGHUI,#B7A091,183,160,145,1
淡咖啡,DANKAFEI,#945833,148,88,51,1
海螺橙,HAILUOCHENG,#F0945D,240,148,93,1
岩石棕,YANSHIZONG,#964D22,150,77,34,1
芒果棕,MANGGUOZONG,#954416,149,68,22,1
陶瓷红,TAOCIHONG,#E16723,225,103,35,1
菠萝红,BOLUOHONG,#FC7930,252,121,48,1
余烬红,YUJINHONG,#CF7543,207,117,67,1
金莲花橙,JINLIANHUACHENG,#F86B1D,248,107,29,1
火砖红,HUOZHUANHONG,#CD6227,205,98,39,1
初桃粉红,CHUTAOFENHONG,#F6DCCE,246,220,206,1
铁棕,TIEZONG,#D85916,216,89,22,1
介壳淡粉红,JIEQIAODANFENHONG,#F7CFBA,247,207,186,1
蟹壳红,XIEKEHONG,#F27635,242,118,53,1
金驼,JINTUO,#E46828,228,104,40,1
燕颔红,YANHANHONG,#FC6315,252,99,21,1
淡可可棕,DANKEKEZONG,#B7511D,183,81,29,1
晨曦红,CHENXIHONG,#EA8958,234,137,88,1
玉粉红,YUFENHONG,#E8B49A,232,180,154,1
野蔷薇红,YEQIANGWEIHONG,#FB9968,251,153,104,1
藕荷,OUHE,#EDC3AE,237,195,174,1
长石灰,CHANGSHIHUI,#363433,54,52,51,1
中红灰,ZHONGHONGHUI,#8B614D,139,97,77,1
火泥棕,HUONIZONG,#AA6A4C,170,106,76,1
绀红,GANHONG,#AA6A4C,170,106,76,1
莓酱红,MEIJIANGHONG,#FA5D19,250,93,25,1
丁香棕,DINGXIANGZONG,#71361D,113,54,29,1
淡玫瑰灰,DANMEIGUIHUI,#B89485,184,148,133,1
瓜瓤红,GUARANGHONG,#F68C60,246,140,96,1
淡藏花红,DANCANGHUAHONG,#F6AD8F,246,173,143,1
筍皮棕,SUNPIZONG,#732E12,115,46,18,1
润红,RUNHONG,#F7CDBC,247,205,188,1
龙睛鱼红,LONGJINGYUHONG,#EF632B,239,99,43,1
淡土黄,DANTUHUANG,#8C4B31,140,75,49,1
珠母灰,ZHUMUHUI,#64483D,100,72,61,1
芙蓉红,FURONGHONG,#F9723D,249,114,61,1
落霞红,LUOXIAHONG,#CF4813,207,72,19,1
法螺红,FALUOHONG,#EE8055,238,128,85,1
草珠红,CAOZHUHONG,#F8EBE6,248,235,230,1
咖啡,KAFEI,#753117,117,49,23,1
中灰驼,ZHONGHUITUO,#603D30,96,61,48,1
椰壳棕,YEKEZONG,#883A1E,136,58,30,1
蟹蝥红,XIEMAOHONG,#B14B28,177,75,40,1
淡豆沙,DANDOUSHA,#873D24,135,61,36,1
淡桃红,DANTAOHONG,#F6CEC1,246,206,193,1
淡铁灰,DANTIEHUI,#5B423A,91,66,58,1
石板灰,SHIBANHUI,#624941,98,73,65,1
淡栗棕,DANLIZONG,#673424,103,52,36,1
银朱,YINZHU,#F43E06,244,62,6,1
草莓红,CAOMEIHONG,#EF6F48,239,111,72,1
洋水仙红,YANGSHUIXIANHONG,#F4C7BA,244,199,186,1
朱红,ZHUHONG,#ED5126,237,81,38,1
榴花红,LIUHUAHONG,#F34718,243,71,24,1
柿红,SHIHONG,#F2481B,242,72,27,1
可可棕,KEKEZONG,#652B1C,101,43,28,1
淡罂粟红,DANYINGSUHONG,#EEA08C,238,160,140,1
大红,DAHONG,#F04B22,240,75,34,1
柞叶棕,ZHAYEZONG,#692A1B,105,42,27,1
蜻蜓红,QINGTINGHONG,#F1441D,241,68,29,1
橡树棕,XIANGSHUZONG,#773D31,119,61,49,1
颊红,JIAHONG,#EEAA9C,238,170,156,1
桃红,TAOHONG,#F0ADA0,240,173,160,1
火岩棕,HUOYANZONG,#863020,134,48,32,1
淡藤萝紫,DANTENGLUOZI,#F2E7E5,242,231,229,1
赭石,ZHESHI,#862617,134,38,23,1
铁水红,TIESHUIHONG,#F5391C,245,57,28,1
胭脂红,YANZHIHONG,#F03F24,240,63,36,1
极光红,JIGUANGHONG,#F33B1F,243,59,31,1
红汞红,HONGGONGHONG,#F23E23,242,62,35,1
萝卜红,LUOBOHONG,#F13C22,241,60,34,1
曲红,QUHONG,#F05A46,240,90,70,1
谷鞘红,GUQIAOHONG,#F17666,241,118,102,1
苹果红,PINGGUOHONG,#F15642,241,86,66,1
桂红,GUIHONG,#F25A47,242,90,71,1
粉红,FENHONG,#F2B9B2,242,185,178,1
暗驼棕,ANTUOZONG,#592620,89,38,32,1
夕阳红,XIYANGHONG,#DE2A18,222,42,24,1
樱桃红,YINGTAOHONG,#ED3321,237,51,33,1
珊瑚红,SHANHUHONG,#F04A3A,240,74,58,1
火山棕,HUOSHANZONG,#482522,72,37,34,1
栗棕,LIZONG,#5C1E19,92,30,25,1
鹤顶红,HEDINGHONG,#D42517,212,37,23,1
舌红,SHEHONG,#F19790,241,151,144,1
鹅血石红,EXUESHIHONG,#AB372F,171,55,47,1
酱棕,JIANGZONG,#5A1F1B,90,31,27,1
鱼鳃红,YUSAIHONG,#ED3B2F,237,59,47,1
芦穗灰,LUSUIHUI,#BDAEAD,189,174,173,1
丽春红,LICHUNHONG,#EB261A,235,38,26,1
覆盆子红,FUPENZIHONG,#AC1F18,172,31,24,1
海报灰,HAIBAOHUI,#483332,72,51,50,1
豆沙,DOUSHA,#481E1C,72,30,28,1
榴子红,LIUZIHONG,#F1908C,241,144,140,1
秋海棠红,QIUHAITANGHONG,#EC2B24,236,43,36,1
无花果红,WUHUAGUOHONG,#EFAFAD,239,175,173,1
淡绯,DANFEI,#F2CAC9,242,202,201,1
玫瑰灰,MEIGUIHUI,#4B2E2B,175,46,43,1
淡菽红,DANSHUHONG,#ED4845,237,72,69,1
枸枢红,GOUSHUHONG,#ED3333,237,51,51,1
貂紫,DIAOZI,#5D3131,93,49,49,1
撫子,NADESHIKO,#DC9FB4,220,159,180,0
紅梅,KOHBAI,#E16B8C,225,107,140,0
蘇芳,SUOH,#8E354A,142,53,74,0
退紅,TAIKOH,#F8C3CD,248,195,205,0
一斥染,IKKONZOME,#F4A7B9,244,167,185,0
桑染,KUWAZOME,#64363C,100,54,60,0
桃,MOMO,#F596AA,245,150,170,0
苺,ICHIGO,#B5495B,181,73,91,0
薄紅,USUBENI,#E87A90,232,122,144,0
今様,IMAYOH,#D05A6E,208,90,110,0
中紅,NAKABENI,#DB4D6D,219,77,109,0
桜,SAKURA,#FEDFE1,254,223,225,0
梅鼠,UMENEZUMI,#9E7A7A,158,122,122,0
韓紅花,KARAKURENAI,#D0104C,208,16,76,0
燕脂,ENJI,#9F353A,159,53,58,0
紅,KURENAI,#CB1B45,203,27,69,0
鴇,TOKI,#EEA9A9,238,169,169,0
長春,CYOHSYUN,#BF6766,191,103,102,0
深緋,KOKIAKE,#86473F,134,71,63,0
桜鼠,SAKURANEZUMI,#B19693,177,150,147,0
甚三紅,JINZAMOMI,#EB7A77,235,122,119,0
小豆,AZUKI,#954A45,149,74,69,0
蘇芳香,SUOHKOH,#A96360,169,99,96,0
赤紅,AKABENI,#CB4042,203,64,66,0
真朱,SHINSYU,#AB3B3A,171,59,58,0
灰桜,HAIZAKURA,#D7C4BB,215,196,187,0
栗梅,KURIUME,#904840,144,72,64,0
海老茶,EBICHA,#734338,115,67,56,0
銀朱,GINSYU,#C73E3A,199,62,58,0
黒鳶,KUROTOBI,#554236,85,66,54,0
紅鳶,BENITOBI,#994639,153,70,57,0
曙,AKEBONO,#F19483,241,148,131,0
紅樺,BENIKABA,#B54434,181,68,52,0
水がき,MIZUGAKI,#B9887D,185,136,125,0
珊瑚朱,SANGOSYU,#F17C67,241,124,103,0
紅檜皮,BENIHIWADA,#884C3A,136,76,58,0
猩猩緋,SYOJYOHI,#E83015,232,48,21,0
鉛丹,ENTAN,#D75455,215,84,85,0
芝翫茶,SHIKANCHA,#B55D4C,181,93,76,0
檜皮,HIWADA,#854836,133,72,54,0
柿渋,KAKISHIBU,#A35E47,163,94,71,0
緋,AKE,#CC543A,204,84,58,0
鳶,TOBI,#724832,114,72,50,0
紅緋,BENIHI,#F75C2F,247,92,47,0
栗皮茶,KURIKAWACHA,#6A4028,106,64,40,0
弁柄,BENGARA,#9A5034,154,80,52,0
照柿,TERIGAKI,#C46243,196,98,67,0
江戸茶,EDOCHA,#AF5F3C,175,95,60,0
洗朱,ARAISYU,#FB966E,251,150,110,0
百塩茶,MOMOSHIOCHA,#724938,114,73,56,0
唐茶,KARACHA,#B47157,180,113,87,0
ときがら茶,TOKIGARACHA,#DB8E71,219,142,113,0
黄丹,OHNI,#F05E1C,240,94,28,0
纁,SOHI,#ED784A,237,120,74,0
遠州茶,ENSYUCHA,#CA7853,202,120,83,0
樺茶,KABACHA,#B35C37,179,92,55,0
焦茶,KOGECHA,#563F2E,86,63,46,0
赤香,AKAKOH,#E3916E,227,145,110,0
雀茶,SUZUMECHA,#8F5A3C,143,90,60,0
宍,SHISHI,#F0A986,240,169,134,0
宗伝唐茶,SODENKARACHA,#A0674B,160,103,75,0
樺,KABA,#C1693C,193,105,60,0
深支子,KOKIKUCHINASHI,#FB9966,251,153,102,0
胡桃,KURUMI,#947A6D,148,122,109,0
代赭,TAISYA,#A36336,163,99,54,0
洗柿,ARAIGAKI,#E79460,231,148,96,0
黄櫨染,KOHROZEN,#7D532C,125,83,44,0
赤朽葉,AKAKUCHIBA,#C78550,199,133,80,0
礪茶,TONOCHA,#985F2A,152,95,42,0
赤白橡,AKASHIROTSURUBAMI,#E1A679,225,166,121,0
煎茶,SENCHA,#855B32,133,91,50,0
萱草,KANZO,#FC9F4D,252,159,77,0
洒落柿,SHAREGAKI,#FFBA84,255,186,132,0
紅鬱金,BENIUKON,#E98B2A,233,139,42,0
梅染,UMEZOME,#E9A368,233,163,104,0
枇杷茶,BIWACHA,#B17844,177,120,68,0
丁子茶,CHOJICHA,#96632E,150,99,46,0
憲法染,KENPOHZOME,#43341B,67,52,27,0
琥珀,KOHAKU,#CA7A2C,202,122,44,0
薄柿,USUGAKI,#ECB88A,236,184,138,0
伽羅,KYARA,#78552B,120,85,43,0
丁子染,CHOJIZOME,#B07736,176,119,54,0
柴染,FUSHIZOME,#967249,150,114,73,0
朽葉,KUCHIBA,#E2943B,226,148,59,0
金茶,KINCHA,#C7802D,199,128,45,0
狐,KITSUNE,#9B6E23,155,110,35,0
煤竹,SUSUTAKE,#6E552F,110,85,47,0
薄香,USUKOH,#EBB471,235,180,113,0
砥粉,TONOKO,#D7B98E,215,185,142,0
銀煤竹,GINSUSUTAKE,#82663A,130,102,58,0
黄土,OHDO,#B68E55,182,142,85,0
白茶,SHIRACHA,#BC9F77,188,159,119,0
媚茶,KOBICHA,#876633,135,102,51,0
黄唐茶,KIGARACHA,#C18A26,193,138,38,0
山吹,YAMABUKI,#FFB11B,255,177,27,0
山吹茶,YAMABUKICHA,#D19826,209,152,38,0
櫨染,HAJIZOME,#DDA52D,221,165,45,0
桑茶,KUWACHA,#C99833,201,152,51,0
玉子,TAMAGO,#F9BF45,249,191,69,0
白橡,SHIROTSURUBAMI,#DCB879,220,184,121,0
黄橡,KITSURUBAMI,#BA9132,186,145,50,0
玉蜀黍,TAMAMOROKOSHI,#E8B647,232,182,71,0
花葉,HANABA,#F7C242,247,194,66,0
生壁,NAMAKABE,#7D6C46,125,108,70,0
鳥の子,TORINOKO,#DAC9A6,218,201,166,0
浅黄,USUKI,#FAD689,250,214,137,0
黄朽葉,KIKUCHIBA,#D9AB42,217,171,66,0
梔子,KUCHINASHI,#F6C555,246,197,85,0
籐黄,TOHOH,#FFC408,255,196,8,0
鬱金,UKON,#EFBB24,239,187,36,0
芥子,KARASHI,#CAAD5F,202,173,95,0
肥後煤竹,HIGOSUSUTAKE,#8D742A,141,116,42,0
利休白茶,RIKYUSHIRACHA,#B4A582,180,165,130,0
灰汁,AKU,#877F6C,135,127,108,0
利休茶,RIKYUCHA,#897D55,137,125,85,0
路考茶,ROKOHCHA,#74673E,116,103,62,0
菜種油,NATANEYU,#A28C37,162,140,55,0
鶯茶,UGUISUCHA,#6C6024,108,96,36,0
黄海松茶,KIMIRUCHA,#867835,134,120,53,0
海松茶,MIRUCHA,#62592C,98,89,44,0
刈安,KARIYASU,#E9CD4C,233,205,76,0
菜の花,NANOHANA,#F7D94C,247,217,76,0
黄蘗,KIHADA,#FBE251,251,226,81,0
蒸栗,MUSHIKURI,#D9CD90,217,205,144,0
青朽葉,AOKUCHIBA,#ADA142,173,161,66,0
女郎花,OMINAESHI,#DDD23B,221,210,59,0
鶸茶,HIWACHA,#A5A051,165,160,81,0
鶸,HIWA,#BEC23F,190,194,63,0
鶯,UGUISU,#6C6A2D,108,106,45,0
柳茶,YANAGICHA,#939650,147,150,80,0
苔,KOKE,#838A2D,131,138,45,0
麹塵,KIKUJIN,#B1B479,177,180,121,0
璃寛茶,RIKANCHA,#616138,97,97,56,0
藍媚茶,AIKOBICHA,#4B4E2A,75,78,42,0
海松,MIRU,#5B622E,91,98,46,0
千歳茶,SENSAICHA,#4D5139,77,81,57,0
梅幸茶,BAIKOCHA,#89916B,137,145,107,0
鶸萌黄,HIWAMOEGI,#90B44B,144,180,75,0
柳染,YANAGIZOME,#91AD70,145,173,112,0
裏柳,URAYANAGI,#B5CAA0,181,202,160,0
岩井茶,IWAICHA,#646A58,100,106,88,0
萌黄,MOEGI,#7BA23F,123,162,63,0
苗,NAE,#86C166,134,193,102,0
柳煤竹,YANAGISUSUTAKE,#4A593D,74,89,61,0
松葉,MATSUBA,#42602D,66,96,45,0
青丹,AONI,#516E41,81,110,65,0
薄青,USUAO,#91B493,145,180,147,0
柳鼠,YANAGINEZUMI,#808F7C,128,143,124,0
常磐,TOKIWA,#1B813E,27,129,62,0
若竹,WAKATAKE,#5DAC81,93,172,129,0
千歳緑,CHITOSEMIDORI,#36563C,54,86,60,0
緑,MIDORI,#227D51,34,125,81,0
白緑,BYAKUROKU,#A8D8B9,168,216,185,0
老竹,OITAKE,#6A8372,106,131,114,0
木賊,TOKUSA,#2D6D4B,45,109,75,0
御納戸茶,ONANDOCHA,#465D4C,70,93,76,0
緑青,ROKUSYOH,#24936E,36,147,110,0
錆青磁,SABISEIJI,#86A697,134,166,151,0
青竹,AOTAKE,#00896C,0,137,108,0
ビロード,VELUDO,#096148,9,97,72,0
虫襖,MUSHIAO,#20604F,32,96,79,0
藍海松茶,AIMIRUCHA,#0F4C3A,15,76,58,0
沈香茶,TONOCHA2,#4F726C,79,114,108,0
青緑,AOMIDORI,#00AA90,0,170,144,0
青磁,SEIJI,#69B0AC,105,176,172,0
鉄,TETSU,#26453D,38,69,61,0
水浅葱,MIZUASAGI,#66BAB7,102,186,183,0
青碧,SEIHEKI,#268785,38,135,133,0
錆鉄御納戸,SABITETSUONANDO,#405B55,64,91,85,0
高麗納戸,KORAINANDO,#305A56,48,90,86,0
白群,BYAKUGUN,#78C2C4,120,194,196,0
御召茶,OMESHICHA,#376B6D,55,107,109,0
瓶覗,KAMENOZOKI,#A5DEE4,165,222,228,0
深川鼠,FUKAGAWANEZUMI,#77969A,119,150,154,0
錆浅葱,SABIASAGI,#6699A1,102,153,161,0
水,MIZU,#81C7D4,129,199,212,0
浅葱,ASAGI,#33A6B8,51,166,184,0
御納戸,ONANDO,#0C4842,12,72,66,0
藍,AI,#0D5661,13,86,97,0
新橋,SHINBASHI,#0089A7,0,137,167,0
錆御納戸,SABIONANDO,#336774,51,103,116,0
鉄御納戸,TETSUONANDO,#255359,37,83,89,0
花浅葱,HANAASAGI,#1E88A8,30,136,168,0
藍鼠,AINEZUMI,#566C73,86,108,115,0
舛花,MASUHANA,#577C8A,87,124,138,0
空,SORA,#58B2DC,88,178,220,0
熨斗目花,NOSHIMEHANA,#2B5F75,43,95,117,0
千草,CHIGUSA,#3A8FB7,58,143,183,0
御召御納戸,OMESHIONANDO,#2E5C6E,46,92,110,0
縹,HANADA,#006284,0,98,132,0
勿忘草,WASURENAGUSA,#7DB9DE,125,185,222,0
群青,GUNJYO,#51A8DD,81,168,221,0
露草,TSUYUKUSA,#2EA9DF,46,169,223,0
黒橡,KUROTSURUBAMI,#0B1013,11,16,19,0
紺,KON,#0F2540,15,37,64,0
褐,KACHI,#08192D,8,25,45,0
瑠璃,RURI,#005CAF,0,92,175,0
瑠璃紺,RURIKON,#0B346E,11,52,110,0
紅碧,BENIMIDORI,#7B90D2,123,144,210,0
藤鼠,FUJINEZUMI,#6E75A4,110,117,164,0
鉄紺,TETSUKON,#261E47,38,30,71,0
紺青,KONJYO,#113285,17,50,133,0
紅掛花,BENIKAKEHANA,#4E4F97,78,79,151,0
紺桔梗,KONKIKYO,#211E55,33,30,85,0
藤,FUJI,#8B81C3,139,129,195,0
二藍,FUTAAI,#70649A,112,100,154,0
楝,OUCHI,#9B90C2,155,144,194,0
藤紫,FUJIMURASAKI,#8A6BBE,138,107,190,0
桔梗,KIKYO,#6A4C9C,106,76,156,0
紫苑,SHION,#8F77B5,143,119,181,0
滅紫,MESSHI,#533D5B,83,61,91,0
薄,USU,#B28FCE,178,143,206,0
半,HASHITA,#986DB2,152,109,178,0
江戸紫,EDOMURASAKI,#77428D,119,66,141,0
紫紺,SHIKON,#3C2F41,60,47,65,0
深紫,KOKIMURASAKI,#4A225D,74,34,93,0
菫,SUMIRE,#66327C,102,50,124,0
紫,MURASAKI,#592C63,89,44,99,0
菖蒲,AYAME,#6F3381,111,51,129,0
藤煤竹,FUJISUSUTAKE,#574C57,87,76,87,0
紅藤,BENIFUJI,#B481BB,180,129,187,0
黒紅,KUROBENI,#3F2B36,63,43,54,0
茄子紺,NASUKON,#572A3F,87,42,63,0
葡萄鼠,BUDOHNEZUMI,#5E3D50,94,61,80,0
鳩羽鼠,HATOBANEZUMI,#72636E,114,99,110,0
杜若,KAKITSUBATA,#622954,98,41,84,0
蒲葡,EBIZOME,#6D2E5B,109,46,91,0
牡丹,BOTAN,#C1328E,193,50,142,0
梅紫,UMEMURASAKI,#A8497A,168,73,122,0
似紫,NISEMURASAKI,#562E37,86,46,55,0
躑躅,TSUTSUJI,#E03C8A,224,60,138,0
紫鳶,MURASAKITOBI,#60373E,96,55,62,0
白練,SHIRONERI,#FCFAF2,252,250,242,0
胡粉,GOFUN,#FFFFFB,255,255,251,0
白鼠,SHIRONEZUMI,#BDC0BA,189,192,186,0
銀鼠,GINNEZUMI,#91989F,145,152,159,0
鉛,NAMARI,#787878,120,120,120,0
灰,HAI,#828282,130,130,130,0
素鼠,SUNEZUMI,#787D7B,120,125,123,0
利休鼠,RIKYUNEZUMI,#707C74,112,124,116,0
鈍,NIBI,#656765,101,103,101,0
青鈍,AONIBI,#535953,83,89,83,0
溝鼠,DOBUNEZUMI,#4F4F48,79,79,72,0
紅消鼠,BENIKESHINEZUMI,#52433D,82,67,61,0
藍墨茶,AISUMICHA,#373C38,55,60,56,0
檳榔子染,BINROJIZOME,#3A3226,58,50,38,0
消炭,KESHIZUMI,#434343,67,67,67,0
墨,SUMI,#1C1C1C,28,28,28,0
黒,KURO,#080808,8,8,8,0
呂,RO,#0C0C0C,12,12,12,0
